"subtitle","title","details","name","type","information","keyword","currency_id","status","user_id"
"(5 - 6 days)","Cash On Delivery","Cash on Delivery","Cash On Delivery","manual",NULL,"cod",NULL,"1","22"
"(5 - 6 days)","Mobile Money","<b>Payment Number: </b>69234324233423","Mobile Money","manual",NULL,"mobile-money",NULL,"1","22"
NULL,"Authorize.Net",NULL,"Authorize.Net","automatic","{""login_id"":""76zu9VgUSxrJ"",""txn_key"":""2Vj62a6skSrP5U3X"",""sandbox_check"":1,""text"":""Pay Via Authorize.Net""}","authorize","""1,4""","1","22"
NULL,"Razorpay",NULL,"Razorpay","automatic","{""key"":""rzp_test_xDH74d48cwl8DF"",""secret"":""cr0H1BiQ20hVzhpHfHuNbGri"",""text"":""Pay via your Razorpay account.""}","razorpay","""7""","1","22"
NULL,"Paytm",NULL,"Paytm","automatic","{""merchant"":""tkogux49985047638244"",""secret"":""LhNGUUKE9xCQ9xY8"",""website"":""WEBSTAGING"",""industry"":""Retail"",""sandbox_check"":1,""text"":""Pay via your Paytm account.""}","paytm","""7""","1","22"
NULL,"Paystack",NULL,"Paystack","automatic","{""key"":""pk_test_162a56d42131cbb01932ed0d2c48f9cb99d8e8e2"",""email"":""junnuns@gmail.com"",""text"":""Pay via your Paystack account.""}","paystack","""8""","1","22"
NULL,"Stripe",NULL,"Stripe","automatic","{""key"":""pk_test_UnU1Coi1p5qFGwtpjZMRMgJM"",""secret"":""sk_test_QQcg3vGsKRPlW6T3dXcNJsor"",""text"":""Pay via your Credit Card.""}","stripe","""1,4""","1","22"
NULL,"Paypal",NULL,"Paypal","automatic","{""client_id"":""AcWYnysKa_elsQIAnlfsJXokR64Z31CeCbpis9G3msDC-BvgcbAwbacfDfEGSP-9Dp9fZaGgD05pX5Qi"",""client_secret"":""EGZXTq6d6vBPq8kysVx8WQA5NpavMpDzOLVOb9u75UfsJ-cFzn6aeBXIMyJW2lN1UZtJg5iDPNL9ocYE"",""sandbox_check"":1,""text"":""Pay via your PayPal account.""}","paypal","""1,4""","1","22"
